"name","url","email"
"Share IT Consignment & Gift Boutique - CLOSED","http://shareitagain.net","mailto:shareitagain@comcast.net"
,,"mailto:goldcitysales@gmail.com"
,,"mailto:bhurson@bdgrowers.com"
"Papa's Garden","http://papas-garden.net","mailto:info@papas-garden.net"
"Whimsicality","http://shopwhimsicality.com","mailto:whimsicality1@gmail.com"
"La Niche Boutique","http://www.lanicheboutique.com","mailto:staff@lanicheboutique.com"
"Selfie Chic Boutique",,"mailto:selfiechiclife@gmail.com"
"KBC Boutique","http://www.kbcboutique.com","mailto:dbuchen07@hotmail.com"
"Buttercup Boutique","http://marcy-buttercupboutique.blogspot.in","mailto:marcyslah@atlanticbb.net"
"The Sassy Girl Boutique","http://www.facebook.com/thesassygirlboutique","mailto:sasgirl@verizon.net"
"Always Blooming Florist & Boutique","http://alwaysblooming.com","mailto:alwaysblooming01@gmail.com"
"Keefe Gifts",,"mailto:keefegifts@gmail.com"
"Timeless Trends Boutique","http://www.timelesstrendsboutique.com","mailto:valaroche@comcast.net"
"Alicia L Boutique","http://alicia.com","mailto:info@alicial.com"
"Pen Boutique Ltd","http://www.penboutique.com","mailto:support@penboutique.com"
"La Boutique De Mon Amie - CLOSED","http://www.monamieboutique.com","mailto:debbie@monamieboutique.com"
"Stoney’s Gift Boutique - CLOSED",,"mailto:stoneysgifts@yahoo.com"
"Phina’s Fine Linen & Gift Boutique","http://www.phinas.com","mailto:phinasforthehome@gmail.com"
"La Papillon Spa and Gift Boutique - CLOSED","http://www.lapapillonspa.com","mailto:info@lapapillonspa.com"
"Bungalow Love","http://www.bungalowlove.net","mailto:bungalowlove.info@gmail.com"
"Amelia Boo Teek",,"mailto:ameliaboutique56@gmail.com"
"Bugaboo's Closet",,"mailto:liana@bugabooscloset.com"
"Eyelin21 Solutions","http://eyelin21solutions.com","mailto:eyelin21solutions@yahoo.com""name","url","email"
,,"mailto:goldcitysales@gmail.com"
,,"mailto:bhurson@bdgrowers.com"
"BowWow Meow Boutique","http://www.bowwowmeowllc.com","mailto:bowwowmeowllcwr@gmail.com"
"Top Drawer Boutique","http://www.homespuncoffeephillips.com","mailto:terry@topdrawerphillips.com"
"LACI BOUTIQUE - CLOSED",,"mailto:laciboutique@yahoo.com"
"Mill Boutique & Art Gallery","https://www.atlaswaterfrontcafe.com","mailto:boutique@atlascoffeemill.com"
"Just Because Fashion Boutique","http://justbecause.boutique","mailto:pattyg3252@charter.net"
"The Willow's Boutique","http://www.thewillowsgifts.com","mailto:thewillows@prodigy.net"
"Tres Belle Boutique","http://www.tresbelleboutique.net","mailto:haunt@pearcefarms.com"
"Moongate Gifts & Antiques",,"mailto:MoongateGiftsbotique@gmail.com"
"The Natural Boutique by Botanical Indulgence","http://www.manta.com/c/mm8991d/botanical-indulgence","mailto:e546868@staticfiles.com"
"Petal Pusher Floral Boutique","http://www.gbpetalpusher.com","mailto:info@petalpusher.com"
"Forever Gifts Boutique","http://www.forevergiftsboutique.com","mailto:char@forevergiftsboutique.com"
"Neat & Nice Merchandise Thrift & Gift Boutique",,"mailto:neatandnicemerchandise@gmail.com"
"The Purple Giraffe A Children's Boutique","http://www.thepurplegiraffewi.com","mailto:jcw476@gmail.com"
"Recycled Denim with a Twist",,"mailto:recycleddenimwithatwist@gmail.com"
"Halo Soap","http://www.halosoap.com","mailto:stacie@halosoap.com"
"Floral Visions By Nina","http://www.floralvisionsbynina.com","mailto:floralvisionsbynina@yahoo.com"
"A Healthy Glow Spray Tanning Studio",,"mailto:ahealthyglow@yahoo.com"
"bland","http://www.kunertkreations.com","mailto:kunertkreations@yahoo.com"
"Arizona Spa","http://www.arizonaspawi.com","mailto:rainydaaz@gmail.com"
"Fray Boutique","https://frayboutiquewi.com","mailto:shop.frayboutique@gmail.com"
"Buttons Bakery And Boutique","https://www.facebook.com/pg/buttonsbakeryandboutique","mailto:carol3hollister@gmail.com"
"Seasons by Design & Jillayne's Boutique","http://seasonsbydesignandboutique.com","mailto:SeasonsByDesigngifts@yahoo.com"
"Twist Boutique","http://www.twistboutique.com","mailto:trish@twistboutique.com"
"Nature's Best Floral & Boutique","http://naturesbestfloralgb.com","mailto:josh@naturesbestfloralgb.com""name","url","email"
,,"mailto:goldcitysales@gmail.com"
,,"mailto:bhurson@bdgrowers.com"
"The Niche Boutique","http://www.shoptheniche.com","mailto:heeteram@gmail.com"
"Look What I Found Boutique","http://www.lookwhatifoundboutique.com","mailto:info@lookwhatifoundboutique.com"
"Pauline Bryan's Boutique - CLOSED",,"mailto:consignanddesign@comcast.net"
"Detai!s Boutique","http://www.detailsboutique.com","mailto:detailsbbb@aol.com"
"Marcella's Home & Gifts","https://www.shopmarcellas.com","mailto:oana@marcellasboutiquedenver.com"
"Toolips Womens Btq & Gifts","http://www.toolipsboutique.com","mailto:toolips@comcast.net"
"Bare Neck Boutique",,"mailto:jessica@bareneckboutique.com"
"Addy Pants Baby Boutique - CLOSED",,"mailto:addy.pants@yahoo.com"
"A Touch Of Class Fashions & Gifts - CLOSED",,"mailto:bmcoan@yahoo.com"
"Secret Garden Bath & Boutique - CLOSED",,"mailto:secretgardenbathboutique@gmail.com"
"Bleu Door Boutique","http://hotmamasbasalt.com","mailto:hotmamasbasalt@gmail.com"
"Wild Blue Boutique","http://www.wildblueboutique.com","mailto:info@wildblueboutique.com"
"Wildflower Boutique","http://www.ouraywildflower.com","mailto:dee@byhil.com"
"Experience Boutique - CLOSED",,"mailto:zalay13@yahoo.com"
"Jen's Place Boutique & Gift Shop","http://www.jensplace.biz","mailto:jensplace@outlook.com"
"Blossoms Floral Boutique & Gifts","http://www.blossomsfloral.com","mailto:blossomsfloral@outlook.com"
"Rusty Dusty Ribbons","http://www.rustydustyribbons.com","mailto:Dusty@rustydustyribbons.com"
"Rabbask Designs",,"mailto:rabbask@yahoo.com"
"Rain - CLOSED","http://www.rainfeelsgood.com","mailto:kristin@rainfeelsgood.com"
"By Chance","http://bychanceshoppe.com","mailto:2@bychanceshoppe.com"
"Gentle Spirit LLC","http://www.gentlespiritllc.etsy.com","mailto:nancy.gentlespiritllc@gmail.com"
"Emporium And Flying Circus","http://www.emporiumandflyingcircus.com","mailto:info@aspenemporium.net"
"Picasso and Wine","http://www.picassoandwine.com","mailto:sylvia@picassoandwine.com"
"Cozy Cottage","http://www.cozycottage.biz","mailto:info@cozycottage.biz"
"Ala Carte","http://alacarteglenwood.com","mailto:hello@alacarteglenwood.com"
"Home Again","http://homeagainps.com","mailto:homeagainps@yahoo.com"
"Lincoln Park Emporium","https://api.superpages.com/xml/search?SRC=ypintfeed&subaffiliate=DXC&PGID=e02.7182.8182845904523&SPGID=1575661036779.788f4ca5&ADID=11886599&DEST=http%3A%2F%2Flincolnparkemporium1.mydex.com%2FoqOlLA51eBE&C=gift%20boutique&T=Greeley&S=CO&PH=(970)%20400-1065&FL=url&TL=off&position=44&PS=30&PI=2&Results=FEED_CLCK&uid=788f4ca5-978a-4c61-87ed-dcddcb9eb0b8&REF=https%3A%2F%2Fwww.yellowpages.com%2Fsearch%3Fsearch_terms%3Dgift%2Bboutique%26geo_location_terms%3DCO%26page%3D1&IP=173.241.238.174&UserAgent=Mozilla%2F5.0%20(Windows%20NT%20x.y%3B%20rv%3A10.0)%20Gecko%2F20100101%20Firefox%2F10.0","mailto:marytroberts@msn.com"
"Main Street Boutique",,"mailto:mainstreetbtq@hotmail.com"
"Intrigue Boutique","https://www.intrigueboutiquedenver.com","mailto:ohsointriguing@gmail.com"
"Satori Boutique","http://www.shopsatori.com","mailto:satoriboutique@gmail.com"
"THE original basket boutique - Fort Collins","https://obbgifts.com/franchise/obb-fort-collins","mailto:rosannw@obbgifts.com"
"Divalicous Boutique",,"mailto:godivago@comcast.net"
"Twill Trade","http://www.twilltrade.com","mailto:Thetwilltrade@gmail.com"
"Raz Ma Taz Etc","http://www.razmatazpueblo.com","mailto:info@bbbsc.org"
"CashmereRED","http://www.cashmerered.com","mailto:info@CashmereRED.com"
"Four And Twenty Blk Bird","http://www.blackbirdsco.com","mailto:lynnblackbirds@aol.com""name","url","email"
,,"mailto:goldcitysales@gmail.com"
,,"mailto:bhurson@bdgrowers.com"
"Bloom the Boutique in Bemidji, MN","http://www.sanfordhealth.org","mailto:Sarah.Pepper@SanfordHealth.org"
"On The Avenue Floral & Gifts",,"mailto:admin@newvcorp.com"
"Shine Boutique","http://www.shineboutiquemn.com","mailto:shineboutiquemn@gmail.com"
"Flowers by Jerry Lux Boutique","http://www.flowersbyjerry.com/mn-minnesota/rochester/florist.aspx?rflx=Rochester,MN","mailto:order@flowersbyjerry.com"
"The Bag Lady Boutique","http://www.bagladygifts.com","mailto:bagladygifts@outlook.com"
"Red Brick Boutique","http://theottertailcreamery.com","mailto:general@firestartersmusic.com"
"La Boutique","http://laboutiquemn.com","mailto:laboutique@hbci.com"
"Pink Door Boutique","http://pinkdoorboutique.net","mailto:lisa@pinkdoorboutique.net"
"Trendsetters Boutique","http://www.trendsettersboutique.net","mailto:lisa.trendsettersboutique@gmail.com"
"Dollar Outlet & Gift Shoppe",,"mailto:dollaroutlet@qwestoffice.net"
"Eyeology Optical and Gift Boutique",,"mailto:eyeologyoptical@gmail.com"
"The Gift Baskets Boutique",,"mailto:bloomsandboutique@gmail.com"
"Grandpa Earl's Country Store","http://www.peckandgartner.com","mailto:liverystable@aol.com"
"Dollar Savers",,"mailto:dollar.savers@yahoo.com"
"Angela's Bella Flora, Inc.",,"mailto:flowers@angelasbellaflora.com"
"Celebrate With Mosaic Alley",,"mailto:mosaiconmain@yahoo.com"
"Giggle Gals","https://gigglegalsboutique.com","mailto:gigglegals@hotmail.com"
"Marishkas",,"mailto:mary@marishkashoppe.com"
"Roe Wolfe","http://www.roewolfe.com","mailto:info@roewolfe.com"
"Yellow Umbrella","http://www.yellowumbrellashop.com","mailto:yellowumbrellashop@gmail.com"
"Indulge Your Senses","http://www.indulgeyoursensesnisswa.com","mailto:cari@indulgeyoursensesnisswa.com"
"Hollyhock Farm Alpacas",,"mailto:teredarl@sherbtel.net"
"SHE","http://www.sheoncentral.com","mailto:she.buffalo@gmail.com"
"Purse-A-Nalities","http://www.purse-analities.com","mailto:donna@purseanalities.com"
"Eclectic Goat - CLOSED",,"mailto:thegoatnorthfield@gmail.com"
"Lily Wellness","http://www.lilywellness.com","mailto:jan@lilywellness.com"
"Hello Beautiful Boutique and Coffee Shop",,"mailto:hellobeautifulgifts@outlook.com"
"Pockets And Pins Natural Baby Boutique",,"mailto:pocketsandpins@gmail.com""name","url","email"
"White House Boutique & Gift - CLOSED",,"mailto:contact@ekglaw.com"
,,"mailto:goldcitysales@gmail.com"
,,"mailto:bhurson@bdgrowers.com"
"5 Little Monkeys Boutique",,"mailto:service@5monkeysbabygifts.com"
"Neely's Boutique aka The Gold Exchange",,"mailto:simplythebest@neelysboutique.com"
"Sweet Teas Children's Boutique",,"mailto:sweetteas.info@yahoo.com"
"Three Generations Boutique","http://www.threegenerationsboutique.com","mailto:threegs84@gmail.com"
"Cottage Style Living Boutique","https://www.cottagestyleliving.com","mailto:info@cottagestyleliving.com"
"The Boutique Charleston","http://theboutiquecharleston.com","mailto:info@theboutiquecharleston.com"
"Pitter Patter Children's Boutique",,"mailto:pitterpatter@bellsouth.net"
"Zoey Os Boutique & Gifts",,"mailto:zoeyosboutique@att.net"
"Angel's Flower & Gift Boutique Inc","http://www.asympathyflorist.com/?Yext=46-4537AA","mailto:angelsflowerandgift@belsouth.net"
"My Boutique and Gifts","http://deidramcdonald.scentsy.us","mailto:myboutique@outlook.com"
"Paisley's Salon and Gift Boutique","http://www.mypaisleys.com","mailto:lisa@sewonlisa.com"
"Pitter Patter Children's Boutique",,"mailto:pitterpatter@bellsouth.net"
"Gypsywombman.Com","http://www.gypsywombman.com","mailto:info@gypsywombman.com"
"Kaileys Monogram","http://www.kaileysmonogram.com","mailto:Info@kaileysmonogram.com"
"The Palmetto Letter",,"mailto:info@thepalmettoletter.com"
"Ampersand","http://ampersandstyle.com","mailto:help@ampersandstyle.com"
"Capper's Mrs Collectibles",,"mailto:cappersmrscollec@bellsouth.net"
"The Children's Cottage",,"mailto:childrenscottage@comporium.net"
"Urban Digs","http://www.urbandigsgreenville.com","mailto:urbandigs@yahoo.com"
"KJs Closet",,"mailto:katie.mccavitt@gmail.com"
"The Barefoot General Store",,"mailto:dianethomas@bigplanet.com"
"White Rose Eclectics","http://www.whiterosesc.com","mailto:wrcrossing@gmail.com"
"Gifts By Alisha - CLOSED","http://www.giftsbyalisha.kitsylane.com","mailto:jaelieisa10@yahoo.com"
"Sweet Teas Children's Boutique",,"mailto:sweetteas.info@yahoo.com"
"Three Generations Boutique","http://www.threegenerationsboutique.com","mailto:threegs84@gmail.com"
"Cottage Style Living Boutique","https://www.cottagestyleliving.com","mailto:info@cottagestyleliving.com""name","url","email"
,,"mailto:goldcitysales@gmail.com"
,,"mailto:bhurson@bdgrowers.com"
"Miss Priss Boutique - CLOSED",,"mailto:missprissboutique@gmail.com"
"South Boutique","http://www.shopsouthboutique.com","mailto:info@shopsouthboutique.com"
"Pamala's Boutique",,"mailto:pamalasboutique@ymail.com"
"Zeal Boutique","http://www.shopzealboutique.com","mailto:zealboutique@gmail.com"
"Sassy Lass Boutique","http://www.sassylassboutique.com","mailto:thesassylassboutique@yahoo.com"
"E & E House of Flowers and Boutique","http://www.eandehouseofflowers.com","mailto:Info@EandEHouseofFlowers.com"
"Kids Kottage Boutique",,"mailto:kidskottageboutique@gmail.com"
"SunCatchers Tanning & Gift Boutique",,"mailto:SunCatchers2017@yahoo.com"
"Two Blessings Gift Boutique Two Blessings Gift Boutique",,"mailto:twoblessingsgiftboutique@gmail.com"
"Christy's Ladies Apparel and Gifts Boutique",,"mailto:christy@shopatchristys.com"
"The Wildflower Boutique",,"mailto:thewildflowerboutique@outlook.com"
"Jojo's","http://jojosboutiquedowntown.com","mailto:jojos109ecollege@hotmail.com"
"Little Shop","http://www.searchingmagnified.com?dn=alittleshoppe.net&pid=7po42ccy2","mailto:diane-little@att.net"
"STITCH WITCH      has moved out of galleria mall",,"mailto:info@ehoundstooth.com"
"First Impression","http://1igprint.com","mailto:fimpression@yahoo.com"
"Wrapsody","http://www.wrapsodyonline.com","mailto:auburn@wrapsodyonline.com"
"Victoria's Restaurant",,"mailto:hiswing59@gmail.com"
"Holiday Inc","http://shoptheholiday.com","mailto:shop@shoptheholiday.com"
"Shop Around The Corner Boutique",,"mailto:lostlaw95@yahoo.com"
"Haute Southern Style Boutique","http://www.hautesouthernstyle.rocks","mailto:haute.southern.style.boutique@gmsil.com"
"Market House Boutique","http://www.clothingboutiquehoover.com","mailto:info.markethousebotique@gmail.com"
"Simply Southern Boutique",,"mailto:info@simplysouthernbtq.com"
"Downtown Southern Sass Boutique","https://www.facebook.com/downtownsouthernsass","mailto:kristenlorance@gmail.com"
"Hissy Fits Boutique",,"mailto:hissyfitsboutique1@hotmail.com"
"Gameday in Style Boutique","http://www.gamedayinstyle.com","mailto:sylvia@gamedayinstyle.com""name","url","email"
,,"mailto:info@sexdollfetish.store"
,,"mailto:etoilela@msn.com"
,,"mailto:goldcitysales@gmail.com"
,,"mailto:bhurson@bdgrowers.com"
"The Gift Boutique",,"mailto:thegiftboutiqueshop@yahoo.com"
"Addie's Gift Boutique","http://www.babikini.com","mailto:addiesgb@aol.com"
"All About You Boutique & Gifts","https://www.allaboutyougift.com","mailto:rhondaluvsavon@cox.net"
"LaDeDa Boutique & Gift Shop","http://ladedaboutique.net","mailto:info@ladedaboutique.net"
"Sassafras Gift Boutiques",,"mailto:ashleyaldridgedean@att.net"
"All About You Boutique & Gifts","https://www.allaboutyougift.com","mailto:rhonda@allaboutyougift.com"
"Butterfly's Boutique",,"mailto:asgautreaux269@gmail.com"
"Razzle Dazzle Unique Boutique","http://razzledazzleuniqueboutique.com","mailto:razzledazzleboutique@suddenlink.net"
"The Grapevine Salon & Boutique",,"mailto:store@thegrapevineboutique.com"
"New Beginnings Boutique",,"mailto:newbeginningsboutique@ymail.com"
"La Madison Boutique","http://www.etsy.com/SHOP/LAMADISONBOUTIQUE","mailto:lamadisonboutique@gmail.com"
"Carousel Consignments & Boutique","http://www.shopthecarousel.com","mailto:cs@carouselconsignmentsonline.com"
"La Madison Boutique","http://www.etsy.com/shop/LAMADISONBOUTIQUE","mailto:lamadisonboutique@gmail.com"
"Mojo Boutique - CLOSED","http://www.shopmojo.com","mailto:TheFleurtyGinger@gmail.com"
"Gingerbread House","http://www.walsworthandco.com","mailto:gbh2373@gmail.com"
"Dat Bayou Bling",,"mailto:datbayoubling@yahoo.com"
"BROADMOOR VILLAGE FLORIST","http://broadmoorflowers.com","mailto:broadmoorflorist@cox.net"
"Tela's Things","http://www.facebook.com","mailto:telasthings@yahoo.com"
"K Couture",,"mailto:kcouture3619@gmail.com"
"Revival Antiques","http://www.revivalantiquesandetc.com","mailto:revivalantiq@aol.com"
"Three Divas & Sugar Daddy","http://www.3-divas.com","mailto:3divas@3divas.com"
"Absolutely Abigail's","http://absolutelyabigails.com","mailto:info@absolutelyabigails.com"
"The White Camellia","http://www.whitecamelliagardenandgifts.com","mailto:whitecamelliagarden@gmail.com"
"Merci Beaucoup","http://www.mercib.com","mailto:info@mercib.com"
"Hilton & Co Dress Shop",,"mailto:shelia@hiltonsdress.com"
"Cajun Village Cottages","http://www.thecajunvillagecottages.com","mailto:candctreasures@eatel.net"
"Virgo Boutique, LLC","http://www.virgoboutique.com","mailto:info@virgoboutique.com"
"La De Da","http://www.ladeda.com","mailto:ladeda@ladeda.com"
"Sway Boutique",,"mailto:swayboutiquegifts@gmail.com"
"Sweet Caroline Boutique","http://sweetcarlineboutiquelafayette.us","mailto:sweetcarlineboutiquelafayette@gmail.com"
"The Perfect Gift",,"mailto:theperfectgift84@yahoo.com"
"Sunshine Boutique","http://sunshine-boutique.com","mailto:ccarstens@ejhospital.com"
"Boutique Du Vampyer","http://feelthebite.com","mailto:maritaj@vampire.com"
"Addie's Gift Boutique",,"mailto:addiesgb@aol.com"
"Le Chateau Salon And Gift Boutique - CLOSED",,"mailto:leurissa17@gmail.com"
"Detour Nola","http://www.detournola.com","mailto:DetourNola@gmail.com"
"Earthly Treasures & Beads",,"mailto:et4beads@yahoo.com"
"Southern Sass",,"mailto:southernsass13@gmail.com"
"The Market Magazine & Sixth","http://www.marketatmagazine.com","mailto:amy@marketatmagazine.com"
"Fleur De Lane's","http://www.shop.fleurdelismerchandise.com","mailto:info@fleurdelanes.net"
"Forever And Always",,"mailto:admin@foreverandalwaysonline.com""name","url","email"
"Simply Elan Boutique and Gift Shop",,"mailto:simplyelan@roadrunner.com"
,,"mailto:goldcitysales@gmail.com"
,,"mailto:bhurson@bdgrowers.com"
"Barn & Willow Boutique","https://www.facebook.com/pg/barnandwillowboutique","mailto:barnandwillowco@outlook.com"
"Grace On Main Boutique","https://www.facebook.com/graceonmainboutique","mailto:graceonmainboutique@gmail.com"
"Scout & Molly's Boutique","http://www.lexington.scoutandmollys.com","mailto:lexington@scoutandmollys.com"
"Six Sisters Boutique","https://sixsistersboutique.payscapecommerce.com","mailto:sixsistersnulu@gmail.com"
"Revelry Boutique Gallery","http://www.revelrygallery.com","mailto:info@revelrygallery.com"
"Madison Square Boutique & Bridal","http://msbbridal.com","mailto:annewgonzales@gmail.com"
"Posh Boutique","http://www.poshboutiqueky.com","mailto:poshboutiquelondon@gmail.com"
"Olive You Boutique","http://www.oliveyouboutique.com","mailto:shop@oliveyouboutique.com"
"Two Chicks & Co","http://www.twochicksandcompany.com","mailto:twochicks@twochicksandcompany.com"
"Pineapple Lily",,"mailto:teresa@pineapplelily.net"
"Magnolia & Steel LLC","http://magnoliaandsteelllc.com","mailto:magnoliaandsteelfloral@gmail.com"
"Sash and Bow","http://www.sashandbowboutique.com","mailto:sasha86@hotmail.com"
"Polka Dots","http://www.dots.com","mailto:polkadots@windstream.net"
"Cordial Lee","http://www.cordiallee.com","mailto:shelby@cordiallee.com"
"Chelle Belles Creations","http://www.chellebellescreations.com","mailto:chellebellescreations@gmail.com"
"Gifthorse Shop, LLC",,"mailto:gifthorseshop@gmail.com"
"WildFlower Designs LLC",,"mailto:wildflower.designs@yahoo.com"
"Something Fun",,"mailto:mhunley@insightbb.com"
"Mine & Yours",,"mailto:mineandyours@att.net"
"Stockdale's","http://www.stockdales.com","mailto:info@stockdales.com"
"JUDY GEAGLEY BY HAND","http://judygeagleybyhand.com","mailto:Judy@judygeagleybyhand.com"
"Sincerely Yours Jewelry",,"mailto:Sincerelyyourssw@aol.com"
"Craft Nook","http://craftnookflorist.com","mailto:wincraftnook@roadrunner.com"
"Vardens",,"mailto:ehb_3@hotmail.com"
"Vintage Rose Emporium",,"mailto:contact@vintagerose.com"
"Two Chicks & Co Louisville","http://twochicksandcompany.com","mailto:twochicks@twochicksandcompany.com"
"Absolutley Salon","http://www.absolutelysalon.com","mailto:youwish1@att.net"
"Clementine's LLC","http://www.clementinesky.com","mailto:clementinesky1@yahoo.com"
"Barn & Willow Boutique","https://www.facebook.com/pg/barnandwillowboutique","mailto:barnandwillowco@outlook.com"
"Madison Square Boutique & Bridal","http://msbbridal.com","mailto:annewgonzales@gmail.com"
"Posh Boutique","http://www.poshboutiqueky.com","mailto:poshboutiquelondon@gmail.com"
"Brandi's Boutique","http://brandisboutiqueshop.co","mailto:brandimattingly@windstream.net"
"Dandelion Boutique","http://www.dandelionhome.com","mailto:info@dandelionhome.com"
"Lucia's World Friendly Boutique - CLOSED","http://www.luciasboutique.com","mailto:info@luciasboutique.com"
"New 2 You Boutique & Gift Shop",,"mailto:new2youintompkinsville@gmail.com"
"Awakenings Boutique; Wigs, Healing, Recovery, Gifts","http://www.awakenshop.com","mailto:wigladyab@icloud.com""name","url","email"
"The Flower Basket And Gift Boutique","http://www.cottagegroveflowerbasket.com","mailto:reevesmitchell@aol.com"
,,"mailto:goldcitysales@gmail.com"
,,"mailto:bhurson@bdgrowers.com"
"Pelindaba Lavander","http://www.pelindabalavender.com/portland-or-a/297.htm","mailto:admin@pelindaba.com"
"Nikki Jane's Botique","http://www.nikkijanes.com","mailto:Amy@nikkijanes.com"
"Denas Shop On the Corner","http://www.denasshop.com","mailto:Denas@mail.com"
"ClassEGifts","http://classegifts.com","mailto:info@ClassEGifts.com"
"The Courtyard On 6th",,"mailto:thecourtyardonsixth@gmail.com"
"DragonVine","http://www.dragonvine.com","mailto:shop@dragonvine.com"
"Pemberton's Flowers - Salem","http://www.pembertonsflowers.com","mailto:info@pembertonsflowers.com"
"Gifts A Gogo",,"mailto:info@giftsagogo.com"
"Joyco Sales Gift Shop","http://www.joycosales.com","mailto:ashley@joycosales.com"
"Aria Boutique",,"mailto:newproduct@madeinoregon.com"
"Silver Lining Boutique","http://www.silverliningboutique.com","mailto:info@silverliningboutique.com"
"Shady Kate's Boutique","http://www.shadykates.com","mailto:designs@katecrowstoninteriors.com"
"Merienwen Boutique And Gifts LLC",,"mailto:vickiebeckley48@gmail.com""name","url","email"
,,"mailto:goldcitysales@gmail.com"
,,"mailto:bhurson@bdgrowers.com"
"Maddy's Floral Boutique - CLOSED",,"mailto:tallmaddy@yahoo.com"
"Val's Boutique","http://valsboutique.net","mailto:valtucker@ymail.com"
"Whiskey Creek Boutique","http://www.shopwhiskeycreek.com","mailto:whiskeycreekdesigns@gmail.com"
"Rhapsody Faith and Fashion Boutique",,"mailto:rhapsody_fashion@yahoo.com"
"Magnolia Lane Boutique","http://www.magnolialaneboutique.com","mailto:themagnolialane@gmail.com"
"Luv It Boutique","http://www.luvitboutique.net","mailto:luvitgifts@gmail.com"
"Bless Ur Heart Boutique","http://www.blessurheartboutiqueonline.com","mailto:blessurheartboutique@gmail.com"
"Ootsie's Blossoms & Boutique","http://www.ootsiesblossomsboutique.com","mailto:ootsiesbandb@gmail.com"
"Bluestem Boutique LLC","http://bluestemboutique.com","mailto:bluestemboutique@att.net"
"Dear Friends - CLOSED",,"mailto:awesomegifts@gmx.com"
"Harper & Grey House","http://www.harperandgrey.com","mailto:harperandgrey@gmail.com"
"Nook & Cranny Mercantile","http://nookncrannymercantile.com","mailto:nandcmercantile@gmail.com"
"Bruton's Outdoors",,"mailto:brutonsoutdoors@gmail.com"
"Simply",,"mailto:SimplyTulsa@gmail.com"
"The District on Main","http://www.thedistrictonmain.com","mailto:nestingnecessities@att.net"
"Courthouse Designs - CLOSED",,"mailto:courthousedesigns@hotmail.com"
"Emma's Essentials",,"mailto:emmasessentials@gmail.com"
"The Pink Pistol","http://www.thepinkpistol.com","mailto:general@thepinkpistol.com"
"Pots and Petals Candy Bouquets",,"mailto:Potandpetal@gmail.com"
"Moonlight Beauty Products, Inc. - CLOSED","http://www.moonlightbp.com","mailto:join_us@moonlightbp.com"
"Lady Bag",,"mailto:poncacitybaglady@att.net"
"Scentsy Wickless Consultant",,"mailto:dlc1983@gmail.com"
"J J Mundi - CLOSED","http://www.jjmundi.com","mailto:jj-mundi@att.net"
"Jodi McBryde Avon Independent Sales Representative","http://www.youravon.com/jmcbryde","mailto:jbmcbryde@hotmail.com"
"The Emporium Boutique On Broadway",,"mailto:gypsywear@hotmail.com"
"Route 66 Boutique Inc",,"mailto:route66boutique@gmail.com"
"Flower Boutique","http://flowerboutiquetuttle.com","mailto:tuttleflowers@yahoo.com"
"Prairie Rose Gifts & Boutique",,"mailto:prairerosedunok@gmail.com"
"Liv A Little Gift Boutique","http://www.livalittleboutique.com","mailto:livalittleboutique@aol.com"
"KayleeAnn's Boutique and Gifts",,"mailto:kayleeannbtg@aol.com"
"Bubble Boutique and Gifts - CLOSED",,"mailto:bubbleboutiqueandgifts@yahoo.com""name","url","email"
,,"mailto:goldcitysales@gmail.com"
,,"mailto:bhurson@bdgrowers.com"
"Unpredictable2 - CLOSED",,"mailto:unpredictutah@aol.com"
"Enchanted Unicorn Candles","http://www.utahmadecandles.com","mailto:enchantedunicorncandles@yahoo.com"
"A Serendipity Wedding (Store Code: 3749 )",,"mailto:KAShops@theaspenbrands.com"
"Dear Lizzie Bistro",,"mailto:mydearlizzie@yahoo.com"
"Main Street Drug & Boutique","http://www.mysanjuanpharmacy.com","mailto:mymsd@icloud.com"
"Maison Confiserie et Boutique","http://www.boutiquedemaison.com","mailto:www.maisonslc@aol.com"
"Blue Boutique","http://www.blueboutique.com","mailto:info@blueboutique.com"
"Nest Boutique","https://shopnestboutique.com","mailto:brittany@shopnestboutique.com"
"Bjorn Stova Boutique","http://bjornstova.com","mailto:resv@steinlodge.com"
"Saltair Boutique","http://www.thesaltair.com","mailto:info@thesaltair.com"
"Kathy's Flower Boutique","http://www.floristinmagnaut.com","mailto:kathysfloral@netzero.net"
"Lazy Lizard Boutique",,"mailto:lazylizardbtq@hotmail.com"
"Tea Thyme & Gift Boutique","http://teathymeboutique.com","mailto:teathymeandgift@gmail.com""name","url","email"
"Bridge Street Boutique & Gift","http://www.bridgestreetboutiqueandgift.com","mailto:bridgestreetboutiqueandgift@gmail.com"
,,"mailto:goldcitysales@gmail.com"
,,"mailto:bhurson@bdgrowers.com"
"Peaceful River Creations","http://www.peacefulrivercreations.com","mailto:info@peacefulrivercreations.com"
"Inspired Locally Marketplace","http://www.inspiredlocally.com","mailto:sales@inspiredlocally.com"
"Lake Lifestyle","http://www.lakelifestyleia.com","mailto:kelli@clearlakelifestyle.com"
"The Painted Rooster",,"mailto:ThePaintedRoosterClinton@gmail.com"
"Main Street Frame & Art","http://www.mainstreetframeandart.com","mailto:rf491@mediacombb.net"
"A La Mode",,"mailto:all4alamode@gmail.com"
"Spoons Full Of Sugar Boutique","http://spoonsfullofsugarboutique.com","mailto:jkdak99@msn.com"
"Rockin Rhoni's Unique Boutique","http://rockinrhonis.com","mailto:rockinrhonis@yahoo.com"
"Soul Sisters Boutique","http://soulsistersboutiquedewitt.com","mailto:soulsistersboutique16@yahoo.com"
"Fusion Boutique","https://www.shopfusionboutique.com","mailto:fusionfashion@live.com"
"Sun Central Tanning and Wellness Salon","http://suncentraltanningdewitt.com","mailto:suncentraldewitt@gmail.com"
"Fresh Vintage","http://www.freshvintageiowa.com","mailto:fresh.vintage.muscatine@gmail.com"
"Famtastic Boutique",,"mailto:info@fantasticfindsresale.com"
"Buddy Bear's Boutique",,"mailto:buddybearsboutique@gmail.com"
"Heart N Home Interiors And Gifts","http://heartnhomeia.com","mailto:hnhgiftshop@hotmail.com"
"Ali's Weeds Floral & Gift Boutique","http://www.weedsflorist.com","mailto:customerservice@weedsflorist.com""name","url","email"
"Navia's Gift Boutique","http://naviasgiftboutique.com","mailto:naviasgiftboutique@yahoo.com"
,,"mailto:goldcitysales@gmail.com"
,,"mailto:bhurson@bdgrowers.com"
"Rejunkery",,"mailto:rejunkery@gmail.com"
"Sweet Bubble Soap Cafe",,"mailto:info@sweetbubblesoap.com"
"Disney Store Outlet",,"mailto:customercare@wilsonsleather.com"
"Product Bank Site",,"mailto:productbanksite@cox.net"
"Diaper Cakes Bakery","http://diapercakesbakery.net","mailto:diapercakesbakery@gmail.com"
"Kashmir American Enterprises","http://www.kashmiramerican.com","mailto:kashmiramerican@gmail.com"
"Bonnie's Floral Boutique","http://www.bonniesfloralboutique.com","mailto:bonniesfloralboutique@hotmail.com"
"Passione Flower Boutique","http://www.passioneflowers.com","mailto:info@passioneflowerboutique.com"
"Bumblebee Blooms Flower Boutique","http://www.bumblebeeblooms.com","mailto:bumblebeeblooms@yahoo.com"
"Bumblebee Blooms Flower Boutique LLC - CLOSED temporarily","http://www.bumblebeeblooms.com","mailto:bumblebeeblooms@yahoo.com""name","url","email"
,,"mailto:goldcitysales@gmail.com"
,,"mailto:bhurson@bdgrowers.com"
"Alaska Bush Shoppers",,"mailto:alaskabushshoppersllc@gci.net"
"Susan's Bath & Body Boutique",,"mailto:info@susansbathandbodyak.com"
"Susan's Bath & Body Boutique","http://www.susansbathandbodyak.com","mailto:info@susansbathandbodyak.com"
"Bella Boutique","http://www.shop-bella.com","mailto:info@bellaumbrella.com"
"Chez Moi Boutique","http://www.chezmoistyle.com","mailto:tmd574@aol.com""name","url","email"
"Sweet Choices Cake Decorating School and A Wedding & Gift Boutique","http://avenueschoices.com","mailto:sweetchoicescakeschool@gmail.com"
,,"mailto:goldcitysales@gmail.com"
,,"mailto:bhurson@bdgrowers.com"
"Ann Marie Barn Boutique","http://www.ambarnboutique.com","mailto:info@ambarnboutique.com"
"The European Boutique","http://www.theeuropeanboutique.com","mailto:info@theeuropeanboutique.com"
"Sarr Beauty Boutique",,"mailto:beautyboutiquesalon@yahoo.com"
"Blossom Boutique","https://www.facebook.com/blossomcadillac","mailto:jamiesnelson@yahoo.com"
"Lace Boutique","http://shoplacebridal.com","mailto:Laceboutique@aol.com"
"Kool Gifts R Us",,"mailto:adrianamarie@live.com"
"The Beauty Den",,"mailto:beautyden30@yahoo.com"
"SHOP. PLAY. LOVE. - CLOSED",,"mailto:shop.play.love@gmail.com"
"Glitz & Spurs","http://shop.glitzandspurs.com","mailto:kgrossnickle@mac.com"
"The Purple Door Store","http://www.purpledoorstore.com","mailto:PurpleDoorStore@aol.com"
"The Eyrie","http://www.theeyrie.net","mailto:info@theeyrie.net"
"Detroit Glitz",,"mailto:leah1003@aol.com"
"Ashtone Enterprises",,"mailto:info@ashtoneenterprises.com"
"Offin River's Accessories Etc","http://www.offinriversboutique.com","mailto:offinboutique@sbcglobal.net"
"Brighton Collectibles","http://brighton.com","mailto:Allison@amwagency.com"
"Suvi Boutique",,"mailto:suvi@suviboutique.com"
"Lennon & Willow Boutique","https://lennonandwillow.com","mailto:info@lennonandwillow.com"
"The Red Dresser","http://www.thereddressertc.com","mailto:tammy@thereddressertc.com"
"Swankyz ""Good Goods""","http://www.swankyz.com","mailto:swankyzgoodgoods@gmail.com"
"On the Bay Customs Boutique & Cafe","http://www.onthebaycustoms.com","mailto:cher@onthebaycustoms.com"
"Lennon & Willow Boutique","https://lennonandwillow.com","mailto:info@lennonandwillow.com"
"Billie's Floral And Boutique",,"mailto:billiejo.tracey@gmail.com"
"Chance Boutique",,"mailto:Chancepopup@gmail.com"
"Plumeria Botanical Boutique","http://www.plumeriami.com","mailto:countrybouquetmi@aol.com"
"Amy's Bubbling Boutique","http://amysbubblingboutique.com","mailto:amysbubblingboutique@gmail.com"
"Dagwood's & Blondie's Sweet Boutique","http://www.blondiesanddagwoods.com","mailto:dagwoodsandblondies@gmail.com"
"Bellanina Day Spa & Gift Boutique","http://www.bellaninadayspa.com","mailto:operations@bellanina.com""name","url","email"
,,"mailto:goldcitysales@gmail.com"
,,"mailto:bhurson@bdgrowers.com"
"The Flower Shack Boutique",,"mailto:theflowershackboutique@gmail.com"
"Little Feet Boutique",,"mailto:info@citysaver.com"
"Shady Lane Gifts",,"mailto:puppydog87@bellsouth.net"
"Ashleys Childerns Boutique",,"mailto:ashleyschildrensboutique@hotmail.com"
"Connie's Flowers & Gift Boutique",,"mailto:conniesflowers@yahoo.com"
"Creative Formals, Tuxedos, Boutique & Gifts","https://www.facebook.com/groups/1140166039476258","mailto:smithgirls601@gmail.com"
"Dusty Road Boutique & Gifts","http://www.shopdustyroad.com","mailto:tina@shopdustyroad.com"
"Jessica's Unique Boutique & Gift - CLOSED",,"mailto:ashleyschildrensboutique@hotmail.com"
"The Sweet Olive - CLOSED",,"mailto:thesweetolive@yahoo.com"
"Pure Bliss","https://www.pureblissgiftsandboutique.com","mailto:pureblissgiftsandboutique@yahoo.com"
"Southwest Vendors Mall",,"mailto:southwestvendors@gmail.com"
"Le Celebrations",,"mailto:lecelebrationsgifts@cableone.net"
"Oxford Super Tan Inc",,"mailto:oxfordsupertan@yahoo.com"
"The Red Door","http://www.thereddoor.com","mailto:thereddoor01@yahoo.com"
"Indigo's",,"mailto:indigos265@yahoo.com"
"LA Bella Boutique",,"mailto:miabellasalonbiloxi@yahoo.com"
"Rebecca's Boutique",,"mailto:rebeccas_boutique@yahoo.com"
"Sweet Peas Boutique","https://www.sweetpeasboutiquems.com","mailto:sweetpeas1202@gmail.com"
"SnowyLove Boutique","http://www.snowyloveboutique.com","mailto:orders@snowyloveboutique.com"
"Chantal's Art Boutique",,"mailto:2King626@gmail.com"
"2 Cute Boutique - CLOSED",,"mailto:tinaperkinsm@aol.com"
"Paisley Pineapple","http://shop.paisleypineappleob.com","mailto:paisleypineapple@gmail.com"
"Panache Apparel & Accessories, Inc.",,"mailto:panache0110@aol.com"
"Southern Pearls",,"mailto:shopsouthernpearls@gmail.com"
"Sister Sister",,"mailto:sistersisterboutiquems@gmail.com"
"Snooty Owl","http://www.shopsnootyowl.com","mailto:Betweensisters2008@yahoo.com"
"Cutie Patooties - CLOSED",,"mailto:deeburns11@gmail.com"
"The Radish Loft","https://www.instagram.com","mailto:theradishloft@gmail.com"
"Bon Von Boutique","http://bonvongifts.com","mailto:bonvon214@yahoo.com"
"Ohh My Gifts & Things","http://www.ohhmygiftsandthings.com","mailto:info@ohhmygiftsandthings.com"
"Simple Girls Boutique & Gifts",,"mailto:simplegirls@comcast.net""name","url","email"
"Tesori Gifts & Boutique",,"mailto:tesoriboutique@hotmail.com"
,,"mailto:goldcitysales@gmail.com"
,,"mailto:bhurson@bdgrowers.com"
"Blossom Boutique, The",,"mailto:theblossomboutique@aol.com"
"By B! Boutique","http://www.bybboutique.com","mailto:basketsbybeata@yahoo.com"
"Heartstrings-A Flower Boutique","http://www.heartstringflowers.com","mailto:sherri@heartstringflowers.com"
"Unique Chic Boutique",,"mailto:info@uniquechicboutique.net"
"Sweet Stuff Cake and Candy Boutique - CLOSED",,"mailto:vhinkle.sweetstuffcakes@yahoo.com"
"Artistic Aromas & Boutique",,"mailto:artisticaromas@yahoo.com"
"Sweet Stuff Cake and Candy Boutique","http://sweetstuffcakecandyboutique.weebly.com","mailto:sweetstuffcakeandcandyboutique@yahoo.com"
"The French Maker Vintage Boutique","https://the-french-maker-vintage-boutique.myshopify.com","mailto:thefrenchmaker@gmail.com"
"The Blossom Boutique","http://www.theblossomboutique.net","mailto:steffaniemcallister@yahoo.com"
"The Iron Star Antiques & Such","http://www.theironstar.net","mailto:info@theironstar.net"
"Strawberry Moon",,"mailto:strawberrymoon.llc@gmail.com"
"Cimarron River Company",,"mailto:cimarronriver@icloud.com"
"Memories At A Glance",,"mailto:memoriesataglance@yahoo.com"
"The General Store & Company","http://www.generalstorekc.com","mailto:generalstorekc@yahoo.com"
"i.h.s salon","http://www.ihssalon.com/","mailto:ihssalon@aol.com"
"Leighs Boutique Metaphysical Gifts & Vintage Collectibles",,"mailto:mandileighs@hotmail.com"
"Sunshine Boutique Gifts","http://www.sunshineboutiquefs.com","mailto:sunshineboutique42@gmail.com""name","url","email"
,,"mailto:goldcitysales@gmail.com"
,,"mailto:bhurson@bdgrowers.com"
"Stag Tobacconist of Santa Fe","http://www.stagtobacconistsantafe.com/home.html","mailto:gjordan1520@yahoo.com"
"Coco B's","http://www.cocobsboutique.com","mailto:cocobs@live.com"
"Del Sol","http://www.delsolstores.com","mailto:Delsol622@aol.com"
"Unique Boutique",,"mailto:theuniquebotique@gmail.com"
"Elixir Boutique Chocolates","http://www.elixirchocolates.com","mailto:larry@elixirchocolates.com"
"Billy The Kid Gift Shop","http://mesilla.com","mailto:billythekid@mesilla.com"
"Starah's Jewels & Gifts",,"mailto:starah5@hotmail.com"
"Heaven Boutique",,"mailto:hello@heavenboutique.ca""name","url","email"
,,"mailto:goldcitysales@gmail.com"
,,"mailto:bhurson@bdgrowers.com"
"Apricot Lane","http://www.apricotlaneusa.com","mailto:dallas@apricotlaneusa.com"
"Traci Lynn Fashion Jewelry By Christina (independent consultant) - CLOSED",,"mailto:christina.flockhart@gmail.com"
"Nini's Treasures","http://www.searchmagnetlocal.com/pennsylvania/boutique-triadelphia/ninis_treasures-3537-index.html","mailto:ninistreasures1@aol.com"
"Appalachian Gallery",,"mailto:appgal@frontier.com"
"D'accord Boutique",,"mailto:daccordboutique@comcast.net"
"B Bell's Boutique",,"mailto:bbellesb@yahoo.com"
"SerenDipity Boutique","http://www.serendipityboutiques.com","mailto:danabellissimo@yahoo.com"
"Thirty-One Gifts by Lindsey","http://www.mythityone.com/lindseyn","mailto:lindseycole684@hotmail.com""name","url","email"
,,"mailto:goldcitysales@gmail.com"
,,"mailto:bhurson@bdgrowers.com"
"Crazy Neighbor","http://www.crazyneighbor.biz","mailto:info@crazyneighbor.biz"
"SW Tack & Trinkets","http://www.saddleupidaho.com","mailto:info@saddleupidaho.com"
"A Crafty Dot",,"mailto:acraftydot@yahoo.com"
"Xpressions Engraving - CLOSED",,"mailto:xengraving@gmail.com"
"Serendipity Spa and Boutique","http://www.serendipityspaonline.com","mailto:serendipityspa@qwestoffice.net"
"Moose Hill Home Decor & Gift",,"mailto:moosehilltwinfalls@gmail.com""name","url","email"
"Hawaii's Gift Basket Boutique","https://www.hawaiisgiftbaskets.com","mailto:info@hawaiisgiftbaskets.com"
,,"mailto:goldcitysales@gmail.com"
,,"mailto:bhurson@bdgrowers.com"
"Something For Everybody Molokai - CLOSED",,"mailto:somethingforeverybodymolokai@yahoo.com"
"Roberta Oaks","http://www.robertaoaks.com","mailto:info@robertaoaks.com"
"Collectible Designs","http://www.facebook.com/lehuadesigns1","mailto:collectibledesignskauai@yahoo.com"
"Waianae Mall Shopping Center",,"mailto:erika.enomoto-tanuvasa@colliers.com"
"Harbor Mall LLC","http://www.harbormall.net","mailto:office@harbormall.net"
"Basket Boutique Kauai","http://www.basketboutiquekauai.com","mailto:eieioflowers@gmail.com""name","url","email"
,,"mailto:goldcitysales@gmail.com"
,,"mailto:bhurson@bdgrowers.com"
"Bowerbird & Friends","http://www.bowerbirdsfriends.com","mailto:info@bowerbirdfriends.com"
"3 ON MAIN MERCANTILE","http://3onmain.com","mailto:3onmain@gmail.com"
"J. M. Princewell","http://www.jmprincewell.com","mailto:mail@jmprincewell.com"
"Headlines Boutique","http://www.headlinesonline.com","mailto:Conway@shopheadlines.com"
"What's In Your Closet Resale Boutique","http://wiycnh.wixsite.com/yourcloset","mailto:wiycnh@gmail.com"
"Penny Lanes Boutique",,"mailto:Info.sales.Pennylanesboutique@gmail.com"
"Pastiche Boutique LLC","http://www.pasticheboutiquenh.com","mailto:pasticheboutiquenh@gmail.com"
"Three Reasons Boutique",,"mailto:ThreeReasonsBoutique@gmail.com"
"Thirty One Gifts by Carol Beauchemin","http://thirtyonegiftsmom.wordpress.com","mailto:jointhefun31@gmail.com"
"Best Boutique",,"mailto:salem-nh@patch.com"
"Headlines Boutique","http://www.shopheadlines.com","mailto:tyler@shopheadlines.com"
"B & L GIFTS",,"mailto:bobkoenig1@comcast.net"
"Polkadots Gift Boutique","https://www.polkadotsgiftboutique.com","mailto:dunlapjessica@hotmail.com""name","url","email"
,,"mailto:goldcitysales@gmail.com"
,,"mailto:bhurson@bdgrowers.com"
"Tavecchia","http://www.tavecchia.com","mailto:info@Tavecchia.com"
"A Little Bit of This & That",,"mailto:alittlebitofthisnthat1259@gmail.com"
"Acadian Dreams","http://www.acadiandreams.com","mailto:info@acadiandreams.com"
"Real Sisters Accessories",,"mailto:real_sisters@live.com"
"Kimball Shop & Boutique","http://www.kimballshop.com","mailto:info@kimballshop.com""name","url","email"
"A & R Trophies Gifts & Shirts",,"mailto:geraniumsrme@yahoo.com"
,,"mailto:goldcitysales@gmail.com"
,,"mailto:bhurson@bdgrowers.com"
"The Desiderio Gallery",,"mailto:designmissoula@gmail.com"
"Bling & Things","http://blingandthings.net","mailto:BlingAndThings1@aol.com"
"Joy Of Living","http://www.thejoyofliving.com","mailto:info@thejoyofkids.com"
"Wildflower Confections & Boutique","http://wildflowerconfections.com","mailto:info@wildflowerconfections.com"
"Big Horn Boutique",,"mailto:bighornboutique@yahoo.com""name","url","email"
,,"mailto:goldcitysales@gmail.com"
,,"mailto:bhurson@bdgrowers.com"
"For Arts Sake Boutique",,"mailto:boutiqueatthepier@gmail.com"
"The ArtFull Boutique","http://www.theartfullboutique.com","mailto:www.theartfullboutique@gmail.com"
"TCS PARADISE PERFUMES & BOUTIQUE",,"mailto:tcsboutic@yahoo.com"
"Shell Boutique","http://www.shellboutique.com","mailto:mfarquhar@themarcocorporation.com""name","url","email"
,,"mailto:goldcitysales@gmail.com"
,,"mailto:bhurson@bdgrowers.com"
"Grassroots","http://www.grassrootsonlineshopping.com","mailto:ghandcraft@aol.com"
"Seeds A Baby & Kids Boutique","http://instylebabies.com","mailto:ed@instylebabies.com"
"Jetta's Unique Boutique",,"mailto:jettabing@gmail.com"
"His And Hers Couples Boutique","http://www.hisandhersadulttoys.com","mailto:hisandhersde@gmail.com""name","url","email"
"Peapod's Boutique, Floral & Gifts","http://www.peapodsboutiqueandfloral.com","mailto:peapodsboutique@outlook.com"
,,"mailto:goldcitysales@gmail.com"
,,"mailto:bhurson@bdgrowers.com"
"Airbrush Tans-Shades of Summer",,"mailto:kmuir@rap.midco.net"
"My Current Obsession - CLOSED",,"mailto:mycurrentobsessionsfsd@gmail.com"
"Karisma Boutique","https://www.shopkarismaboutiqueaberdeen.com","mailto:shopkarisma@yahoo.com"
"La Ti Da Boutique","http://clothingboutiques.net","mailto:latidaboutiquesd@gmail.com""name","url","email"
"Autumn's Crafty Corner - A Scrapbooking Boutique","http://www.autumnscraftycorner.com","mailto:customerservice@autumnscraftycorner.com"
,,"mailto:goldcitysales@gmail.com"
,,"mailto:bhurson@bdgrowers.com"
"Hand Pick'd Boutique","https://handpickdboutique.com","mailto:handpickdboutique@gmail.com""name","url","email"
,,"mailto:goldcitysales@gmail.com"
,,"mailto:bhurson@bdgrowers.com"
"Chocolate Moose","http://www.chocolatemoosedc.com","mailto:chocolatemoose@verizon.net"
"Wh Smith Inc No 200","http://wcsmith.com","mailto:info@wcsmith.com"
"Wickel's Balloons","http://www.wickelsballoons.com","mailto:wickel@aol.com"
"Blue Diamond Almonds Nut & Gift Shop","http://store.bluediamond.com","mailto:bhurson@bdgrowers.com"
"Online Store Metals","http://www.silvercitysuperstore.com/","mailto:goldcitysales@gmail.com"
"Angelone's Florist","http://www.angelonesflowers.com/feature.asp?srccode=NYP","mailto:angelonesflowers@yahoo.com"
"America's Florist Gift Baskets","http://www.americasflorist.com/flowers-fruits-plants/fruit-baskets/gift-baskets-direct.html","mailto:Calvin@tfamericasflorist.com"
"Minnesota Florists","http://www.minnesotaaveflorist.com","mailto:minnesota-florists@verizon.net"
"Washington Trophy Center","http://www.washingtontrophy.com","mailto:mail@washingtontrophy.com"
"RDAvon Corp {Avon Products]","https://api.superpages.com/xml/search?SRC=ypintfeed&subaffiliate=DXC&PGID=e02.7182.8182845904523&SPGID=1575666460742.2229fa48&ADID=11934817&DEST=http%3A%2F%2Frdavoncorp.mydex.com%2FxYiJpih1cqs&C=gift%20boutique&T=Arlington&S=VA&PH=(703)%20997-7045&FL=url&TL=off&position=14&PS=30&PI=1&Results=FEED_CLCK&uid=2229fa48-09fb-46a2-a042-1fd5ab09d644&REF=&IP=173.241.238.174&UserAgent=Mozilla%2F5.0%20(Windows%20NT%20x.y%3B%20rv%3A10.0)%20Gecko%2F20100101%20Firefox%2F10.0","mailto:rdavon2010@gmail.com"
"Thirty-one","https://www.mythirtyone.com/348421","mailto:danp549@yahoo.com"
"Eyelin21 Solutions","http://eyelin21solutions.com","mailto:eyelin21solutions@yahoo.com"
"La Boutique De Mon Amie - CLOSED","http://www.monamieboutique.com","mailto:debbie@monamieboutique.com"
"Pen Boutique Ltd","http://www.penboutique.com","mailto:support@penboutique.com"
"Papa's Garden","http://papas-garden.net","mailto:info@papas-garden.net"
"Sister's Boutique & Gifts","http://www.shopsistersboutique.com","mailto:novak_susan@yahoo.com""name","url","email"
,,"mailto:goldcitysales@gmail.com"
,,"mailto:bhurson@bdgrowers.com""name","url","email"
,,"mailto:goldcitysales@gmail.com"
,,"mailto:bhurson@bdgrowers.com"
"Lucky You","http://www.luckyyoujh.com","mailto:luckyyouinc@yahoo.com"
"DeLorme Trading",,"mailto:lmdjr@msn.com"
"Janet's Boutique","http://www.janetsboutique.net","mailto:janetsbou@yahoo.com""name","url","email"
,,"mailto:goldcitysales@gmail.com"
,,"mailto:bhurson@bdgrowers.com"
"Cherokee Rose Arts & Crafts - CLOSED","http://www.youravon.com/cherokeerose","mailto:cherokeerose_arts.crafts@yahoo.com"
"Lady M Enterprises","http://www.mygifts.info","mailto:mcintire@mygifts.info"
"Dilly Dally's Toy Store","http://www.dillydallys.com","mailto:storeinfo@dillydallys.com"
"Remedy Road Boutique","https://www.shopremedyroad.com","mailto:hey@shopremedyroad.com"
"Salon 501 & Boutique",,"mailto:Salon501Boutique@gmail.com"
"Watson Gifts Etc",,"mailto:watsongiftsetc@outlook.com"
"Plum Sweet Boutique",,"mailto:plumsweetbaby@yahoo.com"
"A King's Gift Shop",,"mailto:jjadventuregirl@yahoo.com"
"Boutique The","http://searcyboutique.com","mailto:mmjones@cablelynx.com"
"Turner's Framing Gifts & Collegiate Boutique","http://turnersframescollegiate.com","mailto:turnersarts@yahoo.com"
"Taffinity’s","http://taffinitys.com","mailto:taffinitys@taffinitys.com"
"Sara Kathryn's, Ltd.","http://sarakathryns.com","mailto:sara@sarakathryns.com"
"Beauty's a breeze",,"mailto:Beautysabreeze@yahoo.com"
"Tall Cotton",,"mailto:hey@shoptallcotton.com"
"BrickCity Emporium",,"mailto:angie@brickcityemporium.com"
"Grand On Oak",,"mailto:grandonoak@gmail.com"
"Sherry's Boutique And Gifts","http://mysbandg.com","mailto:sherry@mysbandg.com"
"Firefly Boutique & Gifts",,"mailto:londonmindy22@yahoo.com"
"Isabella's Boutique & Gifts - CLOSED","https://squareup.com/market/isabellas-boutique-and-gifts","mailto:isabellasboutiqueandgifts@yahoo.com"